cl_type,cl_id,book,chapter,verse,clause_type_etcbc,clause_rela,book2,ebh_lbh,genre,txt_type,s_p_order,CP,cl_len,subj_type,subj_det,subj_len,pc_type,pc_det,pc_len,main_sub,nega,language,Adju,Cmpl,Conj,EPPr,ExsS,Exst,Frnt,IntS,Intj,Loca,ModS,Modi,NCoS,NCop,Nega,Objc,PrAd,PrcS,PreO,PreS,PtcO,Ques,Rela,Supp,Time,Voct,Unkn,mother
no_jc,40308,1QH,7,8,NmCl,Objc_,1QH,qh,poetry,Q,PS,KJ,3,NP,und,3,PP,det,3,SubArg,non_neg,Hebrew,0,0,1,0,0,0,0,0,0,0,0,0,0,0,0,0,0,0,0,0,0,0,0,0,0,0,0,impf
no_jc,40344,1QH,7,19,NmCl,NA_,1QH,qh,poetry,Q,PS,W,3,NP,und,3,PP,det,3,Main,non_neg,Hebrew,0,0,1,0,0,0,0,0,0,0,0,0,0,0,0,0,0,0,0,0,0,0,0,0,0,0,0,perf
no_jc,40357,1QH,7,24,NmCl,Objc_,1QH,qh,poetry,Q,PS,KJ,3,NP,und,3,PP,det,2,SubArg,non_neg,Hebrew,0,0,1,0,0,0,0,0,0,0,0,0,0,0,0,0,0,0,0,0,0,0,0,0,0,0,0,perf
no_jc,40386,1QH,7,29,NmCl,NA_,1QH,qh,poetry,Q,SP,W,3,NP,und,3,PP,und,2,Main,non_neg,Hebrew,0,0,1,0,0,0,0,0,0,0,0,0,0,0,0,0,0,0,0,0,0,0,0,0,0,0,0,nominal
no_jc,40407,1QH,7,32,NmCl,NA_,1QH,qh,poetry,Q,SP,W,3,NP,und,2,PP,det,3,Main,non_neg,Hebrew,0,0,1,0,0,0,0,0,0,0,0,0,0,0,0,0,0,0,0,0,0,0,0,0,0,0,0,perf
no_jc,40495,1QH,8,3,NmCl,NA_,1QH,qh,poetry,Q,SP,W,3,NP,und,2,PP,det,3,Main,non_neg,Hebrew,0,0,1,0,0,0,0,0,0,0,0,0,0,0,0,0,0,0,0,0,0,0,0,0,0,0,0,nominal
no_jc,40749,1QH,12,8,NmCl,NA_,1QH,qh,poetry,Q,SP,W,3,NP,und,2,PP,det,3,Main,non_neg,Hebrew,0,0,1,0,0,0,0,0,0,0,0,0,0,0,0,0,0,0,0,0,0,0,0,0,0,0,0,perf
no_jc,40750,1QH,12,8,NmCl,NA_,1QH,qh,poetry,Q,SP,W,3,NP,und,1,PP,det,3,Main,non_neg,Hebrew,0,0,1,0,0,0,0,0,0,0,0,0,0,0,0,0,0,0,0,0,0,0,0,0,0,0,0,nominal
no_jc,40752,1QH,12,10,NmCl,NA_,1QH,qh,poetry,Q,SP,W,3,NP,und,2,PP,und,3,Main,non_neg,Hebrew,0,0,1,0,0,0,0,0,0,0,0,0,0,0,0,0,0,0,0,0,0,0,0,0,0,0,0,perf
no_jc,40753,1QH,12,10,NmCl,NA_,1QH,qh,poetry,Q,SP,W,3,NP,und,2,PP,und,4,Main,non_neg,Hebrew,0,0,1,0,0,0,0,0,0,0,0,0,0,0,0,0,0,0,0,0,0,0,0,0,0,0,0,nominal
no_jc,40792,1QH,13,10,NmCl,NA_,1QH,qh,poetry,Q,SP,W,3,NP,und,2,PP,det,3,Main,non_neg,Hebrew,0,0,1,0,0,0,0,0,0,0,0,0,0,0,0,0,0,0,0,0,0,0,0,0,0,0,0,impf
no_jc,40795,1QH,13,11,NmCl,Coor_,1QH,qh,poetry,Q,SP,W,3,NP,und,2,PP,und,3,SubAdv,non_neg,Hebrew,0,0,1,0,0,0,0,0,0,0,0,0,0,0,0,0,0,0,0,0,0,0,0,0,0,0,0,impf
no_jc,40808,1QH,13,15,NmCl,NA_,1QH,qh,poetry,Q,PS,no_conj,2,NP,und,1,PP,und,2,Main,non_neg,Hebrew,0,0,0,0,0,0,0,0,0,0,0,0,0,0,0,0,0,0,0,0,0,0,0,0,0,0,0,impf
no_jc,40812,1QH,13,17,NmCl,NA_,1QH,qh,poetry,Q,SP,no_conj,2,NP,und,2,PP,und,2,Main,non_neg,Hebrew,0,0,0,0,0,0,0,0,0,0,0,0,0,0,0,0,0,0,0,0,0,0,0,0,0,0,0,impf
no_jc,40813,1QH,13,17,NmCl,NA_,1QH,qh,poetry,Q,SP,W,3,NP,und,2,PP,und,3,Main,non_neg,Hebrew,0,0,1,0,0,0,0,0,0,0,0,0,0,0,0,0,0,0,0,0,0,0,0,0,0,0,0,nominal
no_jc,40898,1QH,15,12,NmCl,NA_,1QH,qh,poetry,Q,SP,no_conj,2,NP,und,3,PP,det,3,Main,non_neg,Hebrew,0,0,0,0,0,0,0,0,0,0,0,0,0,0,0,0,0,0,0,0,0,0,0,0,0,0,0,perf
no_jc,40963,1QH,15,35,NmCl,NA_,1QH,qh,poetry,Q,PS,no_conj,2,NP,und,3,PP,und,3,Main,non_neg,Hebrew,0,0,0,0,0,0,0,0,0,0,0,0,0,0,0,0,0,0,0,0,0,0,0,0,0,0,0,perf
no_jc,41022,1QH,16,7,NmCl,NA_,1QH,qh,poetry,Q,PS,W,4,NP,und,1,PP,det,2,Main,non_neg,Hebrew,1,0,1,0,0,0,0,0,0,0,0,0,0,0,0,0,0,0,0,0,0,0,0,0,0,0,0,perf
no_jc,41066,1QH,17,4,NmCl,NA_,1QH,qh,poetry,Q,SP,W,4,NP,und,2,PP,det,4,Main,non_neg,Hebrew,1,0,1,0,0,0,0,0,0,0,0,0,0,0,0,0,0,0,0,0,0,0,0,0,0,0,0,nominal
no_jc,41090,1QH,17,12,NmCl,NA_,1QH,qh,poetry,Q,SP,no_conj,2,NP,und,1,PP,und,3,Main,non_neg,Hebrew,0,0,0,0,0,0,0,0,0,0,0,0,0,0,0,0,0,0,0,0,0,0,0,0,0,0,0,perf
no_jc,41121,1QH,17,24,NmCl,NA_,1QH,qh,poetry,Q,SP,W,3,NP,und,1,PP,und,2,Main,non_neg,Hebrew,0,0,1,0,0,0,0,0,0,0,0,0,0,0,0,0,0,0,0,0,0,0,0,0,0,0,0,impf
no_jc,41130,1QH,17,29,NmCl,Coor_,1QH,qh,poetry,Q,SP,W,3,NP,und,2,PP,det,2,SubAdv,non_neg,Hebrew,0,0,1,0,0,0,0,0,0,0,0,0,0,0,0,0,0,0,0,0,0,0,0,0,0,0,0,perf
no_jc,41138,1QH,17,31,NmCl,NA_,1QH,qh,poetry,Q,SP,W,3,NP,und,1,PP,und,3,Main,non_neg,Hebrew,0,0,1,0,0,0,0,0,0,0,0,0,0,0,0,0,0,0,0,0,0,0,0,0,0,0,0,
no_jc,41139,1QH,17,31,NmCl,NA_,1QH,qh,poetry,Q,SP,W,3,NP,und,1,PP,und,3,Main,non_neg,Hebrew,0,0,1,0,0,0,0,0,0,0,0,0,0,0,0,0,0,0,0,0,0,0,0,0,0,0,0,nominal
jc,41147,1QH,17,35,NmCl,Objc_,1QH,qh,poetry,Q,SP,KJ,3,NP,und,1,PP,und,6,SubArg,non_neg,Hebrew,0,0,1,0,0,1,0,0,0,0,0,0,0,0,0,0,0,0,0,0,0,0,0,0,0,0,0,impf
no_jc,41217,1QH,17,55,NmCl,NA_,1QH,qh,poetry,Q,PS,W,4,NP,und,1,PP,und,2,Main,non_neg,Hebrew,1,0,1,0,0,0,0,0,0,0,0,0,0,0,0,0,0,0,0,0,0,0,0,0,0,0,0,impf
no_jc,41223,1QH,17,58,NmCl,NA_,1QH,qh,poetry,Q,SP,no_conj,2,NP,und,2,PP,und,3,Main,non_neg,Hebrew,0,0,0,0,0,0,0,0,0,0,0,0,0,0,0,0,0,0,0,0,0,0,0,0,0,0,0,perf
no_jc,41312,1QH,18,4,NmCl,NA_,1QH,qh,poetry,Q,SP,W,3,NP,und,2,PP,det,3,Main,non_neg,Hebrew,0,0,1,0,0,0,0,0,0,0,0,0,0,0,0,0,0,0,0,0,0,0,0,0,0,0,0,impf
no_jc,41381,1QH,19,2,NmCl,NA_,1QH,qh,poetry,Q,SP,KJ,4,IPrP,und,1,PP,det,2,SubAdv,non_neg,Hebrew,1,0,1,0,0,0,0,0,0,0,0,0,0,0,0,0,0,0,0,0,0,0,0,0,0,0,0,impf
no_jc,41470,1QH,21,18,NmCl,NA_,1QH,qh,poetry,Q,SP,no_conj,2,NP,und,2,PP,und,6,Main,non_neg,Hebrew,0,0,0,0,0,0,0,0,0,0,0,0,0,0,0,0,0,0,0,0,0,0,0,0,0,0,0,nominal
no_jc,41555,1QH,21,43,NmCl,NA_,1QH,qh,poetry,Q,SP,W,3,NP,und,1,PP,det,3,Main,non_neg,Hebrew,0,0,1,0,0,0,0,0,0,0,0,0,0,0,0,0,0,0,0,0,0,0,0,0,0,0,0,impf
jc,41591,1QH,21,61,NmCl,NA_,1QH,qh,poetry,Q,SP,no_conj,2,NP,und,1,PP,det,3,Main,non_neg,Hebrew,0,0,0,0,0,1,0,0,0,0,0,0,0,0,0,0,0,0,0,0,0,0,0,0,0,0,0,impf
no_jc,41592,1QH,21,61,NmCl,NA_,1QH,qh,poetry,Q,SP,W,3,NP,und,1,PP,det,4,Main,non_neg,Hebrew,0,0,1,0,0,0,0,0,0,0,0,0,0,0,0,0,0,0,0,0,0,0,0,0,0,0,0,nominal
no_jc,41623,1QH,21,68,NmCl,NA_,1QH,qh,poetry,Q,PS,W,3,NP,und,2,PP,det,4,Main,non_neg,Hebrew,0,0,1,0,0,0,0,0,0,0,0,0,0,0,0,0,0,0,0,0,0,0,0,0,0,0,0,nominal
no_jc,41642,1QH,21,75,NmCl,NA_,1QH,qh,poetry,Q,PS,W,3,NP,und,2,PP,det,3,Main,non_neg,Hebrew,0,0,1,0,0,0,0,0,0,0,0,0,0,0,0,0,0,0,0,0,0,0,0,0,0,0,0,perf
no_jc,41643,1QH,21,75,NmCl,NA_,1QH,qh,poetry,Q,SP,W,3,NP,und,2,PP,det,4,Main,non_neg,Hebrew,0,0,1,0,0,0,0,0,0,0,0,0,0,0,0,0,0,0,0,0,0,0,0,0,0,0,0,nominal
no_jc,41663,1QH,21,84,NmCl,NA_,1QH,qh,poetry,Q,PS,W,3,NP,und,5,PP,det,3,Main,non_neg,Hebrew,0,0,1,0,0,0,0,0,0,0,0,0,0,0,0,0,0,0,0,0,0,0,0,0,0,0,0,nominal
no_jc,41698,1QH,22,6,NmCl,NA_,1QH,qh,poetry,Q,PS,W,3,NP,und,2,PP,und,2,Main,non_neg,Hebrew,0,0,1,0,0,0,0,0,0,0,0,0,0,0,0,0,0,0,0,0,0,0,0,0,0,0,0,nominal
no_jc,41768,1QH,22,29,NmCl,NA_,1QH,qh,poetry,Q,SP,no_conj,2,NP,und,2,PP,und,3,Main,non_neg,Hebrew,0,0,0,0,0,0,0,0,0,0,0,0,0,0,0,0,0,0,0,0,0,0,0,0,0,0,0,perf
no_jc,41807,1QH,22,42,NmCl,NA_,1QH,qh,poetry,Q,SP,W,3,NP,und,1,PP,det,4,Main,non_neg,Hebrew,0,0,1,0,0,0,0,0,0,0,0,0,0,0,0,0,0,0,0,0,0,0,0,0,0,0,0,infc
no_jc,41837,1QH,23,6,NmCl,Coor_,1QH,qh,poetry,Q,PS,W,3,NP,und,1,PP,det,3,SubAdv,non_neg,Hebrew,0,0,1,0,0,0,0,0,0,0,0,0,0,0,0,0,0,0,0,0,0,0,0,0,0,0,0,nominal
no_jc,41838,1QH,23,7,NmCl,Coor_,1QH,qh,poetry,Q,PS,W,3,NP,und,2,PP,det,3,SubAdv,non_neg,Hebrew,0,0,1,0,0,0,0,0,0,0,0,0,0,0,0,0,0,0,0,0,0,0,0,0,0,0,0,nominal
no_jc,41839,1QH,23,7,NmCl,Coor_,1QH,qh,poetry,Q,PS,W,3,NP,und,2,PP,det,3,SubAdv,non_neg,Hebrew,0,0,1,0,0,0,0,0,0,0,0,0,0,0,0,0,0,0,0,0,0,0,0,0,0,0,0,nominal
no_jc,41842,1QH,23,8,NmCl,NA_,1QH,qh,poetry,Q,PS,no_conj,2,NP,und,3,PP,det,3,Main,non_neg,Hebrew,0,0,0,0,0,0,0,0,0,0,0,0,0,0,0,0,0,0,0,0,0,0,0,0,0,0,0,nominal
no_jc,41843,1QH,23,8,NmCl,NA_,1QH,qh,poetry,Q,PS,W,3,NP,und,2,PP,det,3,Main,non_neg,Hebrew,0,0,1,0,0,0,0,0,0,0,0,0,0,0,0,0,0,0,0,0,0,0,0,0,0,0,0,nominal
no_jc,42004,1QH,24,20,NmCl,NA_,1QH,qh,poetry,Q,SP,W,4,NP,und,2,PP,und,3,Main,non_neg,Hebrew,1,0,1,0,0,0,0,0,0,0,0,0,0,0,0,0,0,0,0,0,0,0,0,0,0,0,0,nominal
no_jc,42103,1QH,24,49,NmCl,NA_,1QH,qh,poetry,Q,SP,W,3,NP,und,2,PP,und,3,Main,non_neg,Hebrew,0,0,1,0,0,0,0,0,0,0,0,0,0,0,0,0,0,0,0,0,0,0,0,0,0,0,0,nominal
no_jc,42158,1QH,24,60,NmCl,NA_,1QH,qh,poetry,Q,PS,no_conj,2,NP,und,4,PP,det,2,Main,non_neg,Hebrew,0,0,0,0,0,0,0,0,0,0,0,0,0,0,0,0,0,0,0,0,0,0,0,0,0,0,0,nominal
jc,42181,1QH,24,64,NmCl,NA_,1QH,qh,poetry,Q,SP,KJ,3,NP,und,1,PP,und,2,SubAdv,non_neg,Hebrew,0,0,1,0,0,1,0,0,0,0,0,0,0,0,0,0,0,0,0,0,0,0,0,0,0,0,0,nominal
no_jc,42269,1QH,25,2,NmCl,NA_,1QH,qh,poetry,Q,PS,KJ,3,NP,und,1,PP,det,2,SubAdv,non_neg,Hebrew,0,0,1,0,0,0,0,0,0,0,0,0,0,0,0,0,0,0,0,0,0,0,0,0,0,0,0,nominal
no_jc,42335,1QH,25,13,NmCl,NA_,1QH,qh,poetry,Q,SP,W,3,NP,und,2,PP,det,4,Main,non_neg,Hebrew,0,0,1,0,0,0,0,0,0,0,0,0,0,0,0,0,0,0,0,0,0,0,0,0,0,0,0,impv
no_jc,42513,1QH,26,1,NmCl,NA_,1QH,qh,poetry,?,PS,no_conj,2,NP,und,2,PP,det,3,Main,non_neg,Hebrew,0,0,0,0,0,0,0,0,0,0,0,0,0,0,0,0,0,0,0,0,0,0,0,0,0,0,0,no_mother
no_jc,42546,1QH,26,30,NmCl,NA_,1QH,qh,poetry,Q,SP,W,3,NP,und,2,PP,det,3,Main,non_neg,Hebrew,0,0,1,0,0,0,0,0,0,0,0,0,0,0,0,0,0,0,0,0,0,0,0,0,0,0,0,nominal
no_jc,42664,1QM,1,10,NmCl,NA_,1QM,qh,prose,?,PS,no_conj,2,NP,und,1,PP,und,2,Main,non_neg,Hebrew,0,0,0,0,0,0,0,0,0,0,0,0,0,0,0,0,0,0,0,0,0,0,0,0,0,0,0,perf
no_jc,42671,1QM,1,14,NmCl,NA_,1QM,qh,prose,?,SP,W,4,NP,und,4,PP,det,4,Main,non_neg,Hebrew,0,0,1,0,0,0,0,0,0,0,0,0,0,0,0,0,0,0,0,0,0,0,0,0,1,0,0,impf
no_jc,42734,1QM,2,12,NmCl,NA_,1QM,qh,prose,D,SP,KJ,4,NP,und,2,PP,det,2,SubAdv,non_neg,Hebrew,0,0,1,1,0,0,0,0,0,0,0,0,0,0,0,0,0,0,0,0,0,0,0,0,0,0,0,impf
no_jc,42773,1QM,3,7,NmCl,NA_,1QM,qh,prose,Q,SP,no_conj,2,NP,und,2,PP,und,3,Main,non_neg,Hebrew,0,0,0,0,0,0,0,0,0,0,0,0,0,0,0,0,0,0,0,0,0,0,0,0,0,0,0,impf
no_jc,42775,1QM,3,8,NmCl,NA_,1QM,qh,prose,Q,SP,no_conj,2,NP,und,2,PP,det,4,Main,non_neg,Hebrew,0,0,0,0,0,0,0,0,0,0,0,0,0,0,0,0,0,0,0,0,0,0,0,0,0,0,0,impf
no_jc,42784,1QM,3,10,NmCl,NA_,1QM,qh,prose,Q,SP,no_conj,2,NP,und,3,PP,det,8,Main,non_neg,Hebrew,0,0,0,0,0,0,0,0,0,0,0,0,0,0,0,0,0,0,0,0,0,0,0,0,0,0,0,impf
no_jc,42788,1QM,3,11,NmCl,NA_,1QM,qh,prose,Q,SP,no_conj,2,NP,und,2,PP,und,3,Main,non_neg,Hebrew,0,0,0,0,0,0,0,0,0,0,0,0,0,0,0,0,0,0,0,0,0,0,0,0,0,0,0,impf
no_jc,42790,1QM,3,12,NmCl,NA_,1QM,qh,prose,Q,SP,no_conj,2,NP,und,3,PP,det,3,Main,non_neg,Hebrew,0,0,0,0,0,0,0,0,0,0,0,0,0,0,0,0,0,0,0,0,0,0,0,0,0,0,0,impf
no_jc,42805,1QM,3,16,NmCl,NA_,1QM,qh,prose,Q,SP,no_conj,2,NP,und,2,PP,und,3,Main,non_neg,Hebrew,0,0,0,0,0,0,0,0,0,0,0,0,0,0,0,0,0,0,0,0,0,0,0,0,0,0,0,impf
no_jc,42825,1QM,4,9,NmCl,NA_,1QM,qh,prose,Q,SP,no_conj,2,NP,und,2,PP,und,10,Main,non_neg,Hebrew,0,0,0,0,0,0,0,0,0,0,0,0,0,0,0,0,0,0,0,0,0,0,0,0,0,0,0,impf
no_jc,42829,1QM,4,10,NmCl,NA_,1QM,qh,prose,Q,PS,no_conj,2,NP,und,6,PP,und,3,Main,non_neg,Hebrew,0,0,0,0,0,0,0,0,0,0,0,0,0,0,0,0,0,0,0,0,0,0,0,0,0,0,0,impf
no_jc,42918,1QM,5,1,NmCl,NA_,1QM,qh,prose,?,SP,no_conj,2,NP,und,1,PP,det,5,Main,non_neg,Hebrew,0,0,0,0,0,0,0,0,0,0,0,0,0,0,0,0,0,0,0,0,0,0,0,0,0,0,0,no_mother
no_jc,42922,1QM,5,3,NmCl,NA_,1QM,qh,prose,?,SP,W,3,NP,und,3,PP,det,5,Main,non_neg,Hebrew,0,0,1,0,0,0,0,0,0,0,0,0,0,0,0,0,0,0,0,0,0,0,0,0,0,0,0,impf
no_jc,42924,1QM,5,3,NmCl,NA_,1QM,qh,prose,?,SP,no_conj,2,NP,und,2,PP,und,2,Main,non_neg,Hebrew,0,0,0,0,0,0,0,0,0,0,0,0,0,0,0,0,0,0,0,0,0,0,0,0,0,0,0,nominal
no_jc,42930,1QM,5,7,NmCl,NA_,1QM,qh,prose,?,PS,W,3,NP,und,3,PP,det,3,Main,non_neg,Hebrew,0,0,1,0,0,0,0,0,0,0,0,0,0,0,0,0,0,0,0,0,0,0,0,0,0,0,0,ptca
no_jc,42934,1QM,5,10,NmCl,NA_,1QM,qh,prose,?,PS,W,4,NP,und,9,PP,det,9,Main,non_neg,Hebrew,1,0,1,0,0,0,0,0,0,0,0,0,0,0,0,0,0,0,0,0,0,0,0,0,0,0,0,ptca
no_jc,42937,1QM,5,13,NmCl,NA_,1QM,qh,prose,?,SP,W,3,NP,und,3,PP,det,4,Main,non_neg,Hebrew,0,0,1,0,0,0,0,0,0,0,0,0,0,0,0,0,0,0,0,0,0,0,0,0,0,0,0,nominal
no_jc,42944,1QM,5,16,NmCl,NA_,1QM,qh,prose,?,SP,no_conj,2,NP,und,1,PP,det,2,Main,non_neg,Hebrew,0,0,0,0,0,0,0,0,0,0,0,0,0,0,0,0,0,0,0,0,0,0,0,0,0,0,0,nominal
no_jc,42945,1QM,5,16,NmCl,NA_,1QM,qh,prose,?,SP,W,3,NP,und,1,PP,det,2,Main,non_neg,Hebrew,0,0,1,0,0,0,0,0,0,0,0,0,0,0,0,0,0,0,0,0,0,0,0,0,0,0,0,nominal
no_jc,42949,1QM,5,18,NmCl,NA_,1QM,qh,prose,?,SP,W,3,NP,und,2,PP,det,3,Main,non_neg,Hebrew,0,0,1,0,0,0,0,0,0,0,0,0,0,0,0,0,0,0,0,0,0,0,0,0,0,0,0,nominal
no_jc,42966,1QM,5,27,NmCl,NA_,1QM,qh,prose,Q,SP,no_conj,2,NP,und,2,PP,und,3,Main,non_neg,Hebrew,0,0,0,0,0,0,0,0,0,0,0,0,0,0,0,0,0,0,0,0,0,0,0,0,0,0,0,impf
no_jc,42991,1QM,5,38,NmCl,NA_,1QM,qh,prose,D,SP,W,3,NP,und,5,PP,det,5,Main,non_neg,Hebrew,0,0,1,0,0,0,0,0,0,0,0,0,0,0,0,0,0,0,0,0,0,0,0,0,0,0,0,nominal
no_jc,42992,1QM,5,38,NmCl,NA_,1QM,qh,prose,D,SP,no_conj,2,NP,und,1,PP,det,5,Main,non_neg,Hebrew,0,0,0,0,0,0,0,0,0,0,0,0,0,0,0,0,0,0,0,0,0,0,0,0,0,0,0,nominal
no_jc,43038,1QM,5,51,NmCl,Attr_,1QM,qh,prose,D,SP,>CR,3,NP,und,2,PP,det,3,SubMod,non_neg,Hebrew,0,0,0,0,0,0,0,0,0,0,0,0,0,0,0,0,0,0,0,0,0,0,1,0,0,0,0,no_pred
no_jc,43045,1QM,5,53,NmCl,NA_,1QM,qh,prose,D,SP,KJ,3,NP,und,2,PP,det,4,SubAdv,non_neg,Hebrew,0,0,1,0,0,0,0,0,0,0,0,0,0,0,0,0,0,0,0,0,0,0,0,0,0,0,0,impf
no_jc,43053,1QM,6,1,NmCl,NA_,1QM,qh,prose,?,SP,W,3,NP,und,2,PP,det,3,Main,non_neg,Hebrew,0,0,1,0,0,0,0,0,0,0,0,0,0,0,0,0,0,0,0,0,0,0,0,0,0,0,0,ptca
no_jc,43062,1QM,6,5,NmCl,NA_,1QM,qh,prose,?,SP,W,3,NP,und,5,PP,det,7,Main,non_neg,Hebrew,0,0,1,0,0,0,0,0,0,0,0,0,0,0,0,0,0,0,0,0,0,0,0,0,0,0,0,impf
no_jc,43171,1QM,6,39,NmCl,NA_,1QM,qh,prose,?,SP,W,3,NP,und,2,PP,det,3,Main,non_neg,Hebrew,0,0,1,0,0,0,0,0,0,0,0,0,0,0,0,0,0,0,0,0,0,0,0,0,0,0,0,no_pred
no_jc,43172,1QM,6,39,NmCl,NA_,1QM,qh,prose,?,SP,no_conj,2,NP,und,1,PP,det,3,Main,non_neg,Hebrew,0,0,0,0,0,0,0,0,0,0,0,0,0,0,0,0,0,0,0,0,0,0,0,0,0,0,0,nominal
no_jc,43173,1QM,6,39,NmCl,NA_,1QM,qh,prose,?,SP,W,3,NP,und,1,PP,det,3,Main,non_neg,Hebrew,0,0,1,0,0,0,0,0,0,0,0,0,0,0,0,0,0,0,0,0,0,0,0,0,0,0,0,nominal
no_jc,43225,1QM,7,8,NmCl,NA_,1QM,qh,prose,Q,SP,no_conj,2,IPrP,und,8,PP,det,2,Main,non_neg,Hebrew,0,0,0,0,0,0,0,0,0,0,0,0,0,0,0,0,0,0,0,0,0,0,0,0,0,0,0,perf
no_jc,43228,1QM,7,9,NmCl,NA_,1QM,qh,prose,Q,SP,W,3,IPrP,und,1,PP,det,4,Main,non_neg,Hebrew,0,0,1,0,0,0,0,0,0,0,0,0,0,0,0,0,0,0,0,0,0,0,0,0,0,0,0,nominal
no_jc,43320,1QM,7,31,NmCl,NA_,1QM,qh,prose,Q,SP,KJ,4,NP,und,2,PP,det,3,SubAdv,non_neg,Hebrew,0,0,1,0,0,0,0,0,0,0,0,1,0,0,0,0,0,0,0,0,0,0,0,0,0,0,0,impf
no_jc,43321,1QM,7,31,NmCl,NA_,1QM,qh,prose,Q,SP,W,3,NP,und,2,PP,det,4,Main,non_neg,Hebrew,0,0,1,0,0,0,0,0,0,0,0,0,0,0,0,0,0,0,0,0,0,0,0,0,0,0,0,nominal
no_jc,43354,1QM,7,38,NmCl,NA_,1QM,qh,prose,Q,SP,no_conj,2,NP,und,2,PP,det,3,Main,non_neg,Hebrew,0,0,0,0,0,0,0,0,0,0,0,0,0,0,0,0,0,0,0,0,0,0,0,0,0,0,0,nominal
no_jc,43375,1QM,7,45,NmCl,NA_,1QM,qh,prose,Q,SP,no_conj,2,NP,und,2,PP,det,3,Main,non_neg,Hebrew,0,0,0,0,0,0,0,0,0,0,0,0,0,0,0,0,0,0,0,0,0,0,0,0,0,0,0,no_pred
no_jc,43376,1QM,7,45,NmCl,NA_,1QM,qh,prose,Q,SP,no_conj,2,NP,und,6,PP,det,3,Main,non_neg,Hebrew,0,0,0,0,0,0,0,0,0,0,0,0,0,0,0,0,0,0,0,0,0,0,0,0,0,0,0,nominal
no_jc,43418,1QM,8,5,NmCl,NA_,1QM,qh,prose,Q,SP,W,3,NP,und,2,PP,und,3,Main,non_neg,Hebrew,0,0,1,0,0,0,0,0,0,0,0,0,0,0,0,0,0,0,0,0,0,0,0,0,0,0,0,nominal
no_jc,43441,1QM,8,10,NmCl,NA_,1QM,qh,prose,Q,SP,W,3,NP,und,3,PP,det,3,Main,non_neg,Hebrew,0,0,1,0,0,0,0,0,0,0,0,0,0,0,0,0,0,0,0,0,0,0,0,0,0,0,0,perf
no_jc,43454,1QM,8,15,NmCl,NA_,1QM,qh,prose,Q,SP,no_conj,3,IPrP,und,1,PP,det,2,Main,non_neg,Hebrew,1,0,0,0,0,0,0,0,0,0,0,0,0,0,0,0,0,0,0,0,0,0,0,0,0,0,0,no_pred
no_jc,43457,1QM,8,16,NmCl,NA_,1QM,qh,prose,Q,SP,W,3,IPrP,und,4,PP,und,2,Main,non_neg,Hebrew,0,0,1,0,0,0,0,0,0,0,0,0,0,0,0,0,0,0,0,0,0,0,0,0,0,0,0,nominal
no_jc,43555,1QM,10,2,NmCl,NA_,1QM,qh,prose,?,SP,W,3,NP,und,2,PP,und,3,Main,non_neg,Hebrew,0,0,1,0,0,0,0,0,0,0,0,0,0,0,0,0,0,0,0,0,0,0,0,0,0,0,0,nominal
no_jc,43556,1QM,10,2,NmCl,NA_,1QM,qh,prose,?,SP,W,3,NP,und,1,PP,und,4,Main,non_neg,Hebrew,0,0,1,0,0,0,0,0,0,0,0,0,0,0,0,0,0,0,0,0,0,0,0,0,0,0,0,nominal
no_jc,43721,1QM,11,16,NmCl,NA_,1QM,qh,prose,?,SP,no_conj,2,NP,und,3,PP,und,3,Main,non_neg,Hebrew,0,0,0,0,0,0,0,0,0,0,0,0,0,0,0,0,0,0,0,0,0,0,0,0,0,0,0,infc
no_jc,44033,1QS,2,32,NmCl,Coor_,1QS,qh,prose,?,SP,W,3,NP,und,1,PP,det,3,SubAdv,non_neg,Hebrew,0,0,1,0,0,0,0,0,0,0,0,0,0,0,0,0,0,0,0,0,0,0,0,0,0,0,0,nominal
no_jc,44063,1QS,3,2,NmCl,NA_,1QS,qh,prose,?,PS,no_conj,2,NP,und,4,PP,det,4,Main,non_neg,Hebrew,0,0,0,0,0,0,0,0,0,0,0,0,0,0,0,0,0,0,0,0,0,0,0,0,0,0,0,nominal
no_jc,44070,1QS,3,5,NmCl,NA_,1QS,qh,prose,?,PS,no_conj,2,NP,und,2,PP,det,3,Main,non_neg,Hebrew,0,0,0,0,0,0,0,0,0,0,0,0,0,0,0,0,0,0,0,0,0,0,0,0,0,0,0,nominal
no_jc,44078,1QS,3,9,NmCl,NA_,1QS,qh,prose,N,PS,no_conj,2,NP,und,4,PP,und,4,Main,non_neg,Hebrew,0,0,0,0,0,0,0,0,0,0,0,0,0,0,0,0,0,0,0,0,0,0,0,0,0,0,0,nominal
no_jc,44080,1QS,3,10,NmCl,NA_,1QS,qh,prose,N,PS,W,3,NP,und,4,PP,und,4,Main,non_neg,Hebrew,0,0,1,0,0,0,0,0,0,0,0,0,0,0,0,0,0,0,0,0,0,0,0,0,0,0,0,nominal
no_jc,44082,1QS,3,11,NmCl,NA_,1QS,qh,prose,N,PS,W,3,NP,und,4,PP,und,3,Main,non_neg,Hebrew,0,0,1,0,0,0,0,0,0,0,0,0,0,0,0,0,0,0,0,0,0,0,0,0,0,0,0,nominal
no_jc,44124,1QS,3,24,NmCl,NA_,1QS,qh,prose,?,PS,no_conj,2,NP,und,4,PP,det,2,Main,non_neg,Hebrew,0,0,0,0,0,0,0,0,0,0,0,0,0,0,0,0,0,0,0,0,0,0,0,0,0,0,0,perf
no_jc,44132,1QS,3,28,NmCl,NA_,1QS,qh,prose,?,SP,W,3,NP,und,2,PP,det,4,Main,non_neg,Hebrew,0,0,1,0,0,0,0,0,0,0,0,0,0,0,0,0,0,0,0,0,0,0,0,0,0,0,0,nominal
no_jc,44148,1QS,3,33,NmCl,Coor_,1QS,qh,prose,?,PS,W,3,NP,und,3,PP,det,2,SubAdv,non_neg,Hebrew,0,0,1,0,0,0,0,0,0,0,0,0,0,0,0,0,0,0,0,0,0,0,0,0,0,0,0,perf
no_jc,44231,1QS,4,14,NmCl,Attr_,1QS,qh,prose,Q,SP,>CR,3,NP,und,1,PP,det,3,SubMod,non_neg,Hebrew,0,0,0,0,0,0,0,0,0,0,0,0,0,0,0,0,0,0,0,0,0,0,1,0,0,0,0,impv
no_jc,44243,1QS,4,17,NmCl,NA_,1QS,qh,prose,?,SP,W,3,NP,und,1,PP,det,4,Main,non_neg,Hebrew,0,0,1,0,0,0,0,0,0,0,0,0,0,0,0,0,0,0,0,0,0,0,0,0,0,0,0,nominal
no_jc,44302,1QS,4,35,NmCl,Adju_,1QS,qh,prose,?,SP,no_conj,2,NP,und,1,PP,det,3,SubAdv,non_neg,Hebrew,0,0,0,0,0,0,0,0,0,0,0,0,0,0,0,0,0,0,0,0,0,0,0,0,0,0,0,nominal
jc,44321,1QS,4,41,NmCl,Attr_,1QS,qh,prose,?,PS,>CR,3,NP,und,1,PP,det,2,SubMod,non_neg,Hebrew,0,0,0,0,0,1,0,0,0,0,0,0,0,0,0,0,0,0,0,0,0,0,1,0,0,0,0,no_pred
jc,44327,1QS,4,41,NmCl,NA_,1QS,qh,prose,Q,PS,no_conj,2,NP,und,1,PP,det,2,Main,non_neg,Hebrew,0,0,0,0,0,1,0,0,0,0,0,0,0,0,0,0,0,0,0,0,0,0,0,0,0,0,0,perf
no_jc,44504,1QS,6,1,NmCl,NA_,1QS,qh,prose,?,PS,no_conj,2,NP,und,6,PP,det,4,Main,non_neg,Hebrew,0,0,0,0,0,0,0,0,0,0,0,0,0,0,0,0,0,0,0,0,0,0,0,0,0,0,0,no_mother
no_jc,44643,1QS,6,35,NmCl,NA_,1QS,qh,prose,?,SP,no_conj,3,NP,und,2,PP,und,3,Main,non_neg,Hebrew,1,0,0,0,0,0,0,0,0,0,0,0,0,0,0,0,0,0,0,0,0,0,0,0,0,0,0,nominal
no_jc,44646,1QS,6,35,NmCl,NA_,1QS,qh,prose,?,SP,W,3,NP,und,1,PP,und,2,Main,non_neg,Hebrew,0,0,1,0,0,0,0,0,0,0,0,0,0,0,0,0,0,0,0,0,0,0,0,0,0,0,0,nominal
no_jc,44719,1QS,7,20,NmCl,Objc_,1QS,qh,prose,D,PS,KJ,3,NP,und,3,PP,det,3,SubArg,non_neg,Hebrew,0,0,1,0,0,0,0,0,0,0,0,0,0,0,0,0,0,0,0,0,0,0,0,0,0,0,0,impf
no_jc,44726,1QS,7,23,NmCl,NA_,1QS,qh,prose,D,PS,KJ,3,NP,und,3,PP,und,2,SubAdv,non_neg,Hebrew,0,0,1,0,0,0,0,0,0,0,0,0,0,0,0,0,0,0,0,0,0,0,0,0,0,0,0,impf
no_jc,44742,1QS,7,29,NmCl,NA_,1QS,qh,prose,D,SP,W,3,NP,und,2,PP,det,3,Main,non_neg,Hebrew,0,0,1,0,0,0,0,0,0,0,0,0,0,0,0,0,0,0,0,0,0,0,0,0,0,0,0,impf
no_jc,44779,1QS,7,38,NmCl,NA_,1QS,qh,prose,D,SP,no_conj,2,NP,und,4,PP,det,4,Main,non_neg,Hebrew,0,0,0,0,0,0,0,0,0,0,0,0,0,0,0,0,0,0,0,0,0,0,0,0,0,0,0,nominal
no_jc,44970,Balaam,2,1,NmCl,NA_,Balaam,epigraphic,epigraphic,?,PS,no_conj,2,NP,und,1,PP,det,2,Main,non_neg,Hebrew,0,0,0,0,0,0,0,0,0,0,0,0,0,0,0,0,0,0,0,0,0,0,0,0,0,0,0,nominal
no_jc,45024,Balaam,2,8,NmCl,NA_,Balaam,epigraphic,epigraphic,Q,PS,no_conj,2,NP,und,3,PP,det,2,Main,non_neg,Hebrew,0,0,0,0,0,0,0,0,0,0,0,0,0,0,0,0,0,0,0,0,0,0,0,0,0,0,0,perf
no_jc,45032,Ketef_Hinnom,1,1,NmCl,NA_,Ketef_Hinnom,epigraphic,epigraphic,Q,PS,KJ,3,NP,und,1,PP,det,2,SubAdv,non_neg,Hebrew,0,0,1,0,0,0,0,0,0,0,0,0,0,0,0,0,0,0,0,0,0,0,0,0,0,0,0,nominal
no_jc,45178,Mesha_Stela,1,29,NmCl,NA_,Mesha_Stela,epigraphic,epigraphic,Q,SP,W,4,NP,und,1,PP,det,7,Main,non_neg,Hebrew,0,0,1,0,0,1,0,0,0,0,0,0,0,0,0,0,0,0,0,0,0,0,0,0,0,0,0,perf
no_jc,45355,Pirqe,2,1,NmCl,Coor_,Pirqe,rabbinic,prose,Q,SP,W,4,NP,und,1,PP,det,2,SubAdv,non_neg,Hebrew,1,0,1,0,0,0,0,0,0,0,0,0,0,0,0,0,0,0,0,0,0,0,0,0,0,0,0,nominal
no_jc,45363,Pirqe,2,1,NmCl,Objc_,Pirqe,rabbinic,prose,Q,SP,no_conj,2,IPrP,und,1,PP,und,4,SubArg,non_neg,Hebrew,0,0,0,0,0,0,0,0,0,0,0,0,0,0,0,0,0,0,0,0,0,0,0,0,0,0,0,impv
jc,45593,Pirqe,3,3,NmCl,Coor_,Pirqe,rabbinic,prose,Q,PS,W,3,NP,und,2,PP,det,2,SubAdv,non_neg,Hebrew,0,0,1,0,0,1,0,0,0,0,0,0,0,0,0,0,0,0,0,0,0,0,0,0,0,0,0,ptca
no_jc,45594,Pirqe,3,3,NmCl,Resu_,Pirqe,rabbinic,prose,Q,SP,no_conj,2,NP,und,1,PP,det,2,Main,non_neg,Hebrew,0,0,0,0,0,0,0,0,0,0,0,0,0,0,0,0,0,0,0,0,0,0,0,0,0,0,0,no_pred
jc,45707,Pirqe,3,15,NmCl,NA_,Pirqe,rabbinic,prose,Q,PS,C,3,NP,und,4,PP,det,3,SubAdv,non_neg,Hebrew,0,0,1,0,0,1,0,0,0,0,0,0,0,0,0,0,0,0,0,0,0,0,0,0,0,0,0,ptca
jc,45754,Pirqe,3,20,NmCl,NA_,Pirqe,rabbinic,prose,?,PS,W,3,PP,und,2,PP,det,2,Main,non_neg,Hebrew,0,0,1,0,0,1,0,0,0,0,0,0,0,0,0,0,0,0,0,0,0,0,0,0,0,0,0,ptca
no_jc,45812,Pirqe,4,1,NmCl,NA_,Pirqe,rabbinic,prose,Q,SP,W,4,NP,und,1,PP,det,2,Main,non_neg,Hebrew,0,0,1,0,0,0,0,0,0,1,0,0,0,0,0,0,0,0,0,0,0,0,0,0,0,0,0,nominal
jc,45897,Pirqe,4,12,NmCl,NA_,Pirqe,rabbinic,prose,Q,PS,no_conj,3,NP,und,2,PP,det,2,Main,non_neg,Hebrew,1,0,0,0,0,1,0,0,0,0,0,0,0,0,0,0,0,0,0,0,0,0,0,0,0,0,0,perf
jc,45899,Pirqe,4,12,NmCl,NA_,Pirqe,rabbinic,prose,Q,PS,no_conj,2,NP,und,2,PP,det,2,Main,non_neg,Hebrew,0,0,0,0,0,1,0,0,0,0,0,0,0,0,0,0,0,0,0,0,0,0,0,0,0,0,0,perf
no_jc,45906,Pirqe,4,13,NmCl,NA_,Pirqe,rabbinic,prose,Q,SP,no_conj,3,NP,und,4,PP,und,2,Main,non_neg,Hebrew,1,0,0,0,0,0,0,0,0,0,0,0,0,0,0,0,0,0,0,0,0,0,0,0,0,0,0,ptca
no_jc,46080,Pirqe,5,10,NmCl,NA_,Pirqe,rabbinic,prose,?,SP,no_conj,2,NP,und,2,PP,und,2,Main,non_neg,Hebrew,0,0,0,0,0,0,0,0,0,0,0,0,0,0,0,0,0,0,0,0,0,0,0,0,0,0,0,perf
no_jc,46081,Pirqe,5,10,NmCl,NA_,Pirqe,rabbinic,prose,?,SP,W,3,NP,und,1,PP,und,2,Main,non_neg,Hebrew,0,0,1,0,0,0,0,0,0,0,0,0,0,0,0,0,0,0,0,0,0,0,0,0,0,0,0,nominal
no_jc,46084,Pirqe,5,10,NmCl,Attr_,Pirqe,rabbinic,prose,?,SP,C,4,NP,und,1,PP,det,2,SubMod,non_neg,Hebrew,1,0,0,0,0,0,0,0,0,0,0,0,0,0,0,0,0,0,0,0,0,0,1,0,0,0,0,ptca
no_jc,46130,Pirqe,5,13,NmCl,NA_,Pirqe,rabbinic,prose,?,SP,no_conj,2,NP,und,2,PP,det,3,Main,non_neg,Hebrew,0,0,0,0,0,0,0,0,0,0,0,0,0,0,0,0,0,0,0,0,0,0,0,0,0,0,0,ptca
no_jc,46158,Pirqe,5,14,NmCl,NA_,Pirqe,rabbinic,prose,?,SP,no_conj,2,NP,und,2,PP,und,2,Main,non_neg,Hebrew,0,0,0,0,0,0,0,0,0,0,0,0,0,0,0,0,0,0,0,0,0,0,0,0,0,0,0,nominal
no_jc,46179,Pirqe,5,15,NmCl,NA_,Pirqe,rabbinic,prose,?,SP,no_conj,2,NP,und,2,PP,und,2,Main,non_neg,Hebrew,0,0,0,0,0,0,0,0,0,0,0,0,0,0,0,0,0,0,0,0,0,0,0,0,0,0,0,nominal
no_jc,46220,Pirqe,5,17,NmCl,Resu_,Pirqe,rabbinic,prose,?,SP,no_conj,2,NP,und,2,PP,det,3,Main,non_neg,Hebrew,0,0,0,0,0,0,0,0,0,0,0,0,0,0,0,0,0,0,0,0,0,0,0,0,0,0,0,no_pred
no_jc,46223,Pirqe,5,17,NmCl,Resu_,Pirqe,rabbinic,prose,?,SP,no_conj,2,NP,und,2,PP,det,3,Main,non_neg,Hebrew,0,0,0,0,0,0,0,0,0,0,0,0,0,0,0,0,0,0,0,0,0,0,0,0,0,0,0,no_pred
no_jc,46293,Pirqe,5,22,NmCl,NA_,Pirqe,rabbinic,prose,?,SP,no_conj,2,IPrP,und,1,PP,det,14,Main,non_neg,Hebrew,0,0,0,0,0,0,0,0,0,0,0,0,0,0,0,0,0,0,0,0,0,0,0,0,0,0,0,nominal
no_jc,46308,Pirqe,5,23,NmCl,NA_,Pirqe,rabbinic,prose,Q,SP,no_conj,2,NP,und,2,PP,det,2,Main,non_neg,Hebrew,0,0,0,0,0,0,0,0,0,0,0,0,0,0,0,0,0,0,0,0,0,0,0,0,0,0,0,perf
no_jc,46309,Pirqe,5,23,NmCl,NA_,Pirqe,rabbinic,prose,Q,SP,W,3,NP,und,2,PP,det,3,Main,non_neg,Hebrew,0,0,1,0,0,0,0,0,0,0,0,0,0,0,0,0,0,0,0,0,0,0,0,0,0,0,0,nominal
no_jc,46315,Pirqe,5,24,NmCl,NA_,Pirqe,rabbinic,prose,Q,SP,no_conj,2,NP,und,3,PP,det,3,Main,non_neg,Hebrew,0,0,0,0,0,0,0,0,0,0,0,0,0,0,0,0,0,0,0,0,0,0,0,0,0,0,0,perf
no_jc,46316,Pirqe,5,24,NmCl,NA_,Pirqe,rabbinic,prose,Q,SP,no_conj,2,NP,und,3,PP,det,3,Main,non_neg,Hebrew,0,0,0,0,0,0,0,0,0,0,0,0,0,0,0,0,0,0,0,0,0,0,0,0,0,0,0,nominal
no_jc,46317,Pirqe,5,24,NmCl,NA_,Pirqe,rabbinic,prose,Q,SP,no_conj,2,NP,und,3,PP,det,3,Main,non_neg,Hebrew,0,0,0,0,0,0,0,0,0,0,0,0,0,0,0,0,0,0,0,0,0,0,0,0,0,0,0,nominal
no_jc,46318,Pirqe,5,24,NmCl,NA_,Pirqe,rabbinic,prose,Q,SP,no_conj,2,NP,und,3,PP,det,3,Main,non_neg,Hebrew,0,0,0,0,0,0,0,0,0,0,0,0,0,0,0,0,0,0,0,0,0,0,0,0,0,0,0,nominal
no_jc,46319,Pirqe,5,24,NmCl,NA_,Pirqe,rabbinic,prose,Q,SP,no_conj,2,NP,und,3,PP,und,2,Main,non_neg,Hebrew,0,0,0,0,0,0,0,0,0,0,0,0,0,0,0,0,0,0,0,0,0,0,0,0,0,0,0,nominal
no_jc,46322,Pirqe,5,24,NmCl,NA_,Pirqe,rabbinic,prose,Q,SP,no_conj,2,NP,und,2,PP,det,3,Main,non_neg,Hebrew,0,0,0,0,0,0,0,0,0,0,0,0,0,0,0,0,0,0,0,0,0,0,0,0,0,0,0,nominal
no_jc,46323,Pirqe,5,24,NmCl,NA_,Pirqe,rabbinic,prose,Q,SP,no_conj,2,NP,und,2,PP,det,3,Main,non_neg,Hebrew,0,0,0,0,0,0,0,0,0,0,0,0,0,0,0,0,0,0,0,0,0,0,0,0,0,0,0,nominal
no_jc,46324,Pirqe,5,24,NmCl,NA_,Pirqe,rabbinic,prose,Q,SP,no_conj,2,NP,und,2,PP,und,2,Main,non_neg,Hebrew,0,0,0,0,0,0,0,0,0,0,0,0,0,0,0,0,0,0,0,0,0,0,0,0,0,0,0,nominal
no_jc,46325,Pirqe,5,24,NmCl,NA_,Pirqe,rabbinic,prose,Q,SP,no_conj,2,NP,und,2,PP,det,3,Main,non_neg,Hebrew,0,0,0,0,0,0,0,0,0,0,0,0,0,0,0,0,0,0,0,0,0,0,0,0,0,0,0,nominal
no_jc,46326,Pirqe,5,24,NmCl,NA_,Pirqe,rabbinic,prose,Q,SP,no_conj,2,NP,und,2,PP,det,3,Main,non_neg,Hebrew,0,0,0,0,0,0,0,0,0,0,0,0,0,0,0,0,0,0,0,0,0,0,0,0,0,0,0,nominal
no_jc,46327,Pirqe,5,24,NmCl,NA_,Pirqe,rabbinic,prose,Q,SP,no_conj,2,NP,und,2,PP,det,3,Main,non_neg,Hebrew,0,0,0,0,0,0,0,0,0,0,0,0,0,0,0,0,0,0,0,0,0,0,0,0,0,0,0,nominal
no_jc,46424,Pirqe,6,4,NmCl,NA_,Pirqe,rabbinic,prose,Q,SP,W,4,NP,und,1,PP,det,2,Main,non_neg,Hebrew,1,0,1,0,0,0,0,0,0,0,0,0,0,0,0,0,0,0,0,0,0,0,0,0,0,0,0,nominal
no_jc,46537,Pirqe,6,10,NmCl,NA_,Pirqe,rabbinic,prose,?,SP,no_conj,2,NP,und,1,PP,NA,2,Main,non_neg,Hebrew,0,0,0,0,0,0,0,0,0,0,0,0,0,0,0,0,0,0,0,0,0,0,0,0,0,0,0,nominal
no_jc,46539,Pirqe,6,10,NmCl,NA_,Pirqe,rabbinic,prose,?,SP,no_conj,2,NP,und,3,PP,NA,2,Main,non_neg,Hebrew,0,0,0,0,0,0,0,0,0,0,0,0,0,0,0,0,0,0,0,0,0,0,0,0,0,0,0,ptcp
jc,46559,Shirata,1,1,NmCl,NA_,Shirata,rabbinic,poetry,?,SP,W,3,NP,und,1,PP,und,2,Main,non_neg,Hebrew,0,0,1,0,0,1,0,0,0,0,0,0,0,0,0,0,0,0,0,0,0,0,0,0,0,0,0,nominal
jc,46563,Shirata,1,3,NmCl,NA_,Shirata,rabbinic,poetry,?,SP,no_conj,2,NP,und,1,PP,und,2,Main,non_neg,Hebrew,0,0,0,0,0,1,0,0,0,0,0,0,0,0,0,0,0,0,0,0,0,0,0,0,0,0,0,nominal
no_jc,46703,Shirata,1,17,NmCl,Resu_,Shirata,rabbinic,poetry,?,PS,no_conj,3,NP,und,1,PP,und,2,Main,non_neg,Hebrew,0,0,0,0,0,1,0,0,0,0,0,0,0,0,0,0,0,0,0,0,0,0,0,0,0,0,0,no_pred
no_jc,46764,Shirata,1,24,NmCl,NA_,Shirata,rabbinic,poetry,?,PS,W,4,NP,und,5,PP,det,2,Main,non_neg,Hebrew,0,0,1,0,0,1,0,0,0,0,0,0,0,0,0,0,0,0,0,0,0,0,0,0,0,0,0,perf
no_jc,47147,Shirata,2,27,NmCl,NA_,Shirata,rabbinic,poetry,Q,SP,no_conj,3,NP,und,1,PP,und,3,Main,non_neg,Hebrew,0,0,0,0,0,0,0,0,0,0,0,0,0,0,0,0,0,0,0,0,0,1,0,0,0,0,0,ptca
no_jc,47148,Shirata,2,27,NmCl,NA_,Shirata,rabbinic,poetry,Q,SP,no_conj,2,NP,und,2,PP,und,3,Main,non_neg,Hebrew,0,0,0,0,0,0,0,0,0,0,0,0,0,0,0,0,0,0,0,0,0,0,0,0,0,0,0,nominal
no_jc,47220,Shirata,3,8,NmCl,Coor_,Shirata,rabbinic,poetry,?,SP,W,3,NP,und,1,PP,det,7,SubAdv,non_neg,Hebrew,0,0,1,0,0,0,0,0,0,0,0,0,0,0,0,0,0,0,0,0,0,0,0,0,0,0,0,ptca
no_jc,47221,Shirata,3,8,NmCl,Coor_,Shirata,rabbinic,poetry,?,SP,W,3,NP,und,1,PP,det,8,SubAdv,non_neg,Hebrew,0,0,1,0,0,0,0,0,0,0,0,0,0,0,0,0,0,0,0,0,0,0,0,0,0,0,0,nominal
no_jc,47284,Shirata,3,13,NmCl,NA_,Shirata,rabbinic,poetry,Q,PS,no_conj,3,NP,und,3,PP,det,2,Main,non_neg,Hebrew,0,0,0,0,0,1,0,0,0,0,0,0,0,0,0,0,0,0,0,0,0,0,0,0,0,0,0,ptca
no_jc,47305,Shirata,3,14,NmCl,NA_,Shirata,rabbinic,poetry,?,SP,no_conj,2,NP,und,1,PP,det,2,Main,non_neg,Hebrew,0,0,0,0,0,0,0,0,0,0,0,0,0,0,0,0,0,0,0,0,0,0,0,0,0,0,0,perf
no_jc,47308,Shirata,3,14,NmCl,NA_,Shirata,rabbinic,poetry,?,SP,no_conj,2,NP,und,1,PP,det,2,Main,non_neg,Hebrew,0,0,0,0,0,0,0,0,0,0,0,0,0,0,0,0,0,0,0,0,0,0,0,0,0,0,0,perf
jc,47431,Shirata,4,4,NmCl,NA_,Shirata,rabbinic,poetry,Q,SP,no_conj,2,NP,und,1,PP,und,2,Main,non_neg,Hebrew,0,0,0,0,0,1,0,0,0,0,0,0,0,0,0,0,0,0,0,0,0,0,0,0,0,0,0,perf
no_jc,47432,Shirata,4,4,NmCl,NA_,Shirata,rabbinic,poetry,Q,PS,W,3,NP,und,3,PP,det,2,Main,non_neg,Hebrew,0,0,1,0,0,0,0,0,0,0,0,0,0,0,0,0,0,0,0,0,0,0,0,0,0,0,0,nominal
no_jc,47433,Shirata,4,4,NmCl,NA_,Shirata,rabbinic,poetry,Q,PS,no_conj,4,NP,und,1,PP,det,2,Main,non_neg,Hebrew,0,0,0,0,0,1,0,0,1,0,0,0,0,0,0,0,0,0,0,0,0,0,0,0,0,0,0,nominal
jc,47440,Shirata,4,4,NmCl,NA_,Shirata,rabbinic,poetry,Q,PS,no_conj,2,NP,und,6,PP,det,2,Main,non_neg,Hebrew,0,0,0,0,0,1,0,0,0,0,0,0,0,0,0,0,0,0,0,0,0,0,0,0,0,0,0,no_pred
jc,47443,Shirata,4,5,NmCl,NA_,Shirata,rabbinic,poetry,Q,SP,no_conj,2,NP,und,1,PP,und,2,Main,non_neg,Hebrew,0,0,0,0,0,1,0,0,0,0,0,0,0,0,0,0,0,0,0,0,0,0,0,0,0,0,0,nominal
jc,47456,Shirata,4,6,NmCl,NA_,Shirata,rabbinic,poetry,Q,SP,no_conj,2,NP,und,1,PP,und,2,Main,non_neg,Hebrew,0,0,0,0,0,1,0,0,0,0,0,0,0,0,0,0,0,0,0,0,0,0,0,0,0,0,0,nominal
jc,47468,Shirata,4,8,NmCl,NA_,Shirata,rabbinic,poetry,Q,SP,no_conj,2,NP,und,1,PP,und,2,Main,non_neg,Hebrew,0,0,0,0,0,1,0,0,0,0,0,0,0,0,0,0,0,0,0,0,0,0,0,0,0,0,0,perf
no_jc,47568,Shirata,4,16,NmCl,NA_,Shirata,rabbinic,poetry,?,SP,W,3,NP,und,1,PP,det,3,Main,non_neg,Hebrew,0,0,1,0,0,0,0,0,0,0,0,0,0,0,0,0,0,0,0,0,0,0,0,0,0,0,0,perf
no_jc,47706,Shirata,5,13,NmCl,NA_,Shirata,rabbinic,poetry,Q,SP,no_conj,2,NP,und,1,PP,det,3,Main,non_neg,Hebrew,0,0,0,0,0,0,0,0,0,0,0,0,0,0,0,0,0,0,0,0,0,0,0,0,0,0,0,ptca
no_jc,47712,Shirata,5,13,NmCl,NA_,Shirata,rabbinic,poetry,Q,SP,no_conj,2,NP,und,1,PP,det,3,Main,non_neg,Hebrew,0,0,0,0,0,0,0,0,0,0,0,0,0,0,0,0,0,0,0,0,0,0,0,0,0,0,0,ptca
jc,47890,Shirata,6,9,NmCl,Resu_,Shirata,rabbinic,poetry,Q,PS,no_conj,2,NP,und,1,PP,det,2,Main,non_neg,Hebrew,0,0,0,0,0,1,0,0,0,0,0,0,0,0,0,0,0,0,0,0,0,0,0,0,0,0,0,no_pred
no_jc,48039,Shirata,7,1,NmCl,Adju_,Shirata,rabbinic,poetry,?,SP,C,4,NP,und,3,PP,und,2,SubAdv,non_neg,Hebrew,0,0,1,0,0,1,0,0,0,0,0,0,0,0,0,0,0,0,0,0,0,0,0,0,0,0,0,perf
no_jc,48043,Shirata,7,1,NmCl,Adju_,Shirata,rabbinic,poetry,?,SP,C,4,NP,und,3,PP,und,2,SubAdv,non_neg,Hebrew,0,0,1,0,0,1,0,0,0,0,0,0,0,0,0,0,0,0,0,0,0,0,0,0,0,0,0,ptca
no_jc,48048,Shirata,7,1,NmCl,Adju_,Shirata,rabbinic,poetry,?,SP,L_PH_C,4,NP,und,3,PP,und,2,SubAdv,non_neg,Hebrew,0,0,1,0,0,1,0,0,0,0,0,0,0,0,0,0,0,0,0,0,0,0,0,0,0,0,0,ptca
no_jc,48053,Shirata,7,2,NmCl,Adju_,Shirata,rabbinic,poetry,?,SP,L_PH_C,4,NP,und,3,PP,und,2,SubAdv,non_neg,Hebrew,0,0,1,0,0,1,0,0,0,0,0,0,0,0,0,0,0,0,0,0,0,0,0,0,0,0,0,ptca
no_jc,48058,Shirata,7,3,NmCl,Adju_,Shirata,rabbinic,poetry,?,SP,MN_PNH_C,4,NP,und,3,PP,und,2,SubAdv,non_neg,Hebrew,0,0,1,0,0,1,0,0,0,0,0,0,0,0,0,0,0,0,0,0,0,0,0,0,0,0,0,ptca
no_jc,48062,Shirata,7,4,NmCl,Adju_,Shirata,rabbinic,poetry,?,SP,L_PH_C,4,NP,und,3,PP,und,2,SubAdv,non_neg,Hebrew,0,0,1,0,0,1,0,0,0,0,0,0,0,0,0,0,0,0,0,0,0,0,0,0,0,0,0,ptca
no_jc,48066,Shirata,7,5,NmCl,Adju_,Shirata,rabbinic,poetry,?,SP,L_PH_C,4,NP,und,3,PP,und,2,SubAdv,non_neg,Hebrew,0,0,1,0,0,1,0,0,0,0,0,0,0,0,0,0,0,0,0,0,0,0,0,0,0,0,0,ptca
no_jc,48233,Shirata,8,3,NmCl,NA_,Shirata,rabbinic,poetry,Q,SP,no_conj,3,IPrP,und,1,PP,det,2,Main,non_neg,Hebrew,1,0,0,0,0,0,0,0,0,0,0,0,0,0,0,0,0,0,0,0,0,0,0,0,0,0,0,nominal
no_jc,48234,Shirata,8,3,NmCl,Coor_,Shirata,rabbinic,poetry,Q,SP,no_conj,3,IPrP,und,1,PP,det,2,Main,non_neg,Hebrew,1,0,0,0,0,0,0,0,0,0,0,0,0,0,0,0,0,0,0,0,0,0,0,0,0,0,0,nominal
no_jc,48239,Shirata,8,3,NmCl,NA_,Shirata,rabbinic,poetry,Q,SP,no_conj,3,IPrP,und,1,PP,det,2,Main,non_neg,Hebrew,1,0,0,0,0,0,0,0,0,0,0,0,0,0,0,0,0,0,0,0,0,0,0,0,0,0,0,nominal
no_jc,48240,Shirata,8,3,NmCl,NA_,Shirata,rabbinic,poetry,Q,SP,no_conj,2,IPrP,und,1,PP,det,2,Main,non_neg,Hebrew,0,0,0,0,0,0,0,0,0,0,0,0,0,0,0,0,0,0,0,0,0,0,0,0,0,0,0,nominal
no_jc,48247,Shirata,8,3,NmCl,NA_,Shirata,rabbinic,poetry,Q,SP,no_conj,3,IPrP,und,1,PP,det,2,Main,non_neg,Hebrew,1,0,0,0,0,0,0,0,0,0,0,0,0,0,0,0,0,0,0,0,0,0,0,0,0,0,0,nominal
no_jc,48415,Shirata,9,2,NmCl,Adju_,Shirata,rabbinic,poetry,Q,PS,no_conj,2,NP,und,2,PP,und,2,SubAdv,non_neg,Hebrew,0,0,0,0,0,0,0,0,0,0,0,0,0,0,0,0,0,0,0,0,0,0,0,0,0,0,0,impf
no_jc,48492,Shirata,9,8,NmCl,NA_,Shirata,rabbinic,poetry,Q,SP,no_conj,2,NP,und,2,PP,det,4,Main,non_neg,Hebrew,0,0,0,0,0,0,0,0,0,0,0,0,0,0,0,0,0,0,0,0,0,0,0,0,0,0,0,perf
no_jc,48624,Shirata,9,21,NmCl,NA_,Shirata,rabbinic,poetry,Q,SP,no_conj,2,NP,und,1,PP,und,2,Main,non_neg,Hebrew,0,0,0,0,0,0,0,0,0,0,0,0,0,0,0,0,0,0,0,0,0,0,0,0,0,0,0,perf
no_jc,48625,Shirata,9,21,NmCl,NA_,Shirata,rabbinic,poetry,Q,SP,W,3,NP,und,1,PP,und,2,Main,non_neg,Hebrew,0,0,1,0,0,0,0,0,0,0,0,0,0,0,0,0,0,0,0,0,0,0,0,0,0,0,0,nominal
no_jc,48739,Shirata,10,8,NmCl,NA_,Shirata,rabbinic,poetry,?,SP,no_conj,2,NP,und,1,PP,det,3,Main,non_neg,Hebrew,0,0,0,0,0,0,0,0,0,0,0,0,0,0,0,0,0,0,0,0,0,0,0,0,0,0,0,perf
